City,Soil Type,Fertilizer Cost,Total Cultivating Cost,Outcome,Best Crop,Income per Acre
Thane,Laterite Soil,4168,11330,22112,Sugarcane,30091
Nagpur,Laterite Soil,4957,10575,33538,Wheat,43037
Kolhapur,Red Soil,3702,10543,23042,Soybean,13808
Aurangabad,Black Soil,3735,8553,24804,Cotton,23784
Jalgaon,Black Soil,4597,10613,25893,Wheat,20599
Amravati,Black Soil,3657,8560,30055,Wheat,26032
Nagpur,Alluvial Soil,3523,9925,26373,Wheat,36439
Thane,Red Soil,4138,8379,33776,Cotton,46594
Mumbai,Black Soil,3164,9271,29359,Soybean,29509
Solapur,Red Soil,1566,9404,21338,Cotton,20008
Jalgaon,Black Soil,3687,11072,29076,Maize,30842
Aurangabad,Red Soil,3061,8366,33289,Rice,29021
Nagpur,Black Soil,1552,10312,29741,Sugarcane,32688
Nashik,Black Soil,3560,10045,22684,Cotton,22453
Thane,Alluvial Soil,4345,8580,23296,Maize,19078
Pune,Laterite Soil,3428,9681,22985,Wheat,14795
Thane,Laterite Soil,2102,11857,26735,Cotton,27096
Kolhapur,Alluvial Soil,3725,10357,28553,Maize,33688
Nashik,Alluvial Soil,3994,9404,30069,Maize,30272
Mumbai,Red Soil,4290,11351,20796,Rice,26125
Kolhapur,Laterite Soil,3573,11825,26539,Maize,29044
Thane,Alluvial Soil,1375,9584,27028,Wheat,18599
Aurangabad,Black Soil,3292,9269,24239,Maize,18124
Pune,Laterite Soil,2090,10757,32947,Soybean,29932
Nagpur,Red Soil,2282,8125,25998,Soybean,21216
Thane,Alluvial Soil,3923,8899,20721,Wheat,18415
Pune,Black Soil,2374,11035,33178,Wheat,24096
Nashik,Alluvial Soil,4395,9238,24501,Maize,32344
Kolhapur,Black Soil,1708,11003,26807,Sugarcane,35036
Nagpur,Red Soil,1370,10426,21390,Maize,15013
Kolhapur,Laterite Soil,4918,9834,26990,Rice,27004
Nashik,Alluvial Soil,1581,8151,33964,Sugarcane,32551
Pune,Laterite Soil,1973,9368,31041,Rice,26853
Amravati,Laterite Soil,4271,9306,23454,Soybean,26394
Nashik,Black Soil,1174,9516,24292,Rice,38299
Jalgaon,Black Soil,1032,11931,34763,Wheat,30493
Aurangabad,Black Soil,4872,10738,25984,Sugarcane,37024
Kolhapur,Red Soil,2298,8662,24142,Sugarcane,23738
Jalgaon,Black Soil,1860,9427,24682,Sugarcane,29933
Mumbai,Laterite Soil,3626,8841,34689,Rice,30188
Thane,Laterite Soil,4379,8458,34382,Soybean,43823
Mumbai,Red Soil,4569,11046,32119,Soybean,42195
Kolhapur,Alluvial Soil,2258,11219,30156,Cotton,34783
Jalgaon,Red Soil,2835,11276,31883,Cotton,34730
Aurangabad,Alluvial Soil,2189,11288,34519,Maize,27928
Mumbai,Laterite Soil,3405,9713,30019,Maize,34039
Nagpur,Red Soil,3020,8986,31673,Cotton,41938
Mumbai,Black Soil,3389,10696,32533,Cotton,33489
Aurangabad,Black Soil,1279,11018,21720,Cotton,23067
Mumbai,Alluvial Soil,1982,8273,26663,Rice,30843
Aurangabad,Alluvial Soil,3897,8602,21137,Wheat,12209
Jalgaon,Black Soil,3234,11300,32130,Sugarcane,26159
Thane,Laterite Soil,2138,9456,34328,Rice,47727
Aurangabad,Laterite Soil,1169,11735,22141,Cotton,11866
Jalgaon,Alluvial Soil,1533,10029,22341,Soybean,16629
Nagpur,Laterite Soil,3804,9188,27563,Soybean,17144
Kolhapur,Red Soil,2928,9306,20106,Rice,21810
Mumbai,Alluvial Soil,2338,8943,22632,Wheat,35014
Solapur,Black Soil,1836,8708,24080,Wheat,26101
Solapur,Laterite Soil,3686,11321,21940,Cotton,7446
Mumbai,Red Soil,2619,8487,24312,Wheat,36143
Thane,Black Soil,2799,8060,23534,Soybean,35591
Kolhapur,Red Soil,4552,11161,31986,Sugarcane,25723
Kolhapur,Laterite Soil,3873,8032,22686,Maize,15381
Pune,Laterite Soil,1537,9811,24925,Sugarcane,10374
Nashik,Alluvial Soil,4502,11515,30603,Maize,28831
Solapur,Black Soil,3081,11087,27345,Sugarcane,34700
Thane,Red Soil,3785,8413,26999,Sugarcane,35586
Jalgaon,Laterite Soil,3910,9175,29668,Soybean,32962
Aurangabad,Alluvial Soil,3343,8195,29996,Soybean,15301
Aurangabad,Black Soil,4938,10512,34748,Rice,20121
Nashik,Laterite Soil,2112,8578,20972,Maize,7603
Pune,Laterite Soil,2254,9691,24415,Maize,28333
Nashik,Alluvial Soil,2204,9316,21290,Sugarcane,29794
Mumbai,Laterite Soil,4116,9890,28796,Rice,25561
Nashik,Laterite Soil,4591,10962,21656,Wheat,8905
Mumbai,Alluvial Soil,2057,9500,24216,Cotton,30601
Pune,Red Soil,4659,8372,20153,Wheat,27557
Kolhapur,Alluvial Soil,3866,8550,21979,Soybean,18457
Kolhapur,Red Soil,2657,9945,23473,Cotton,36866
Amravati,Red Soil,3905,9949,32315,Soybean,37156
Nashik,Laterite Soil,4357,11100,22990,Sugarcane,18661
Nagpur,Red Soil,4245,11375,22776,Maize,17936
Jalgaon,Red Soil,2182,9193,23747,Maize,25964
Kolhapur,Alluvial Soil,4384,10029,23468,Cotton,34548
Nagpur,Red Soil,1400,9514,29774,Soybean,38363
Nashik,Alluvial Soil,1178,10174,24226,Maize,34432
Jalgaon,Red Soil,3090,10743,22320,Sugarcane,9649
Jalgaon,Red Soil,4374,11062,31898,Rice,26660
Pune,Black Soil,1438,10967,33972,Soybean,40207
Pune,Alluvial Soil,1720,11675,31084,Maize,35349
Thane,Black Soil,4968,9877,25274,Soybean,24694
Thane,Laterite Soil,4900,10200,23687,Sugarcane,25285
Aurangabad,Laterite Soil,3439,10943,31492,Rice,33058
Aurangabad,Laterite Soil,4206,8227,22542,Soybean,18824
Jalgaon,Black Soil,2824,11411,28677,Maize,32334
Thane,Black Soil,3250,11148,30152,Rice,39222
Nashik,Red Soil,4903,8200,21780,Sugarcane,23779
Mumbai,Laterite Soil,1789,9569,34886,Wheat,36999
Kolhapur,Laterite Soil,3899,11901,22688,Cotton,37260
Thane,Laterite Soil,1624,9291,27623,Wheat,23923
Nagpur,Black Soil,2211,11993,31320,Maize,34082
Amravati,Black Soil,4297,9668,32254,Rice,43655
Amravati,Black Soil,1941,8575,33284,Rice,20129
Thane,Red Soil,2504,9167,20932,Soybean,32551
Mumbai,Black Soil,2226,11155,26110,Soybean,11175
Nagpur,Laterite Soil,2245,8513,31895,Maize,25889
Mumbai,Red Soil,3292,11355,28322,Rice,32640
Mumbai,Alluvial Soil,4975,10857,33348,Wheat,36112
Jalgaon,Red Soil,1098,9696,20789,Rice,28904
Mumbai,Alluvial Soil,4963,10897,23272,Maize,21159
Mumbai,Laterite Soil,3073,8681,20201,Rice,33847
Mumbai,Alluvial Soil,3836,11281,25038,Rice,10656
Pune,Laterite Soil,1271,11465,23693,Cotton,37734
Kolhapur,Laterite Soil,3930,8199,27687,Soybean,25681
Thane,Red Soil,4711,8183,22717,Sugarcane,14681
Kolhapur,Red Soil,4655,11433,24622,Soybean,18162
Kolhapur,Red Soil,4157,9996,29344,Sugarcane,32403
Aurangabad,Red Soil,1047,10716,23542,Cotton,21848
Aurangabad,Black Soil,4117,8553,28977,Cotton,41775
Thane,Red Soil,3623,9096,24751,Sugarcane,36535
Thane,Laterite Soil,1662,9618,28668,Wheat,30059
Aurangabad,Black Soil,1339,8872,30182,Maize,24910
Jalgaon,Laterite Soil,4848,9327,28128,Rice,37898
Pune,Black Soil,1901,10070,27580,Wheat,24357
Nashik,Black Soil,1480,10835,21261,Sugarcane,20599
Jalgaon,Laterite Soil,2811,11569,20983,Cotton,14815
Nagpur,Red Soil,2398,9732,32679,Rice,20059
Mumbai,Red Soil,2944,9103,31913,Cotton,27543
Pune,Red Soil,4702,11781,26219,Soybean,22981
Mumbai,Alluvial Soil,2170,10979,24415,Wheat,23182
Amravati,Alluvial Soil,4352,8732,34832,Cotton,30618
Thane,Laterite Soil,1003,8871,22747,Cotton,22366
Nagpur,Black Soil,2493,8838,21390,Sugarcane,12422
Amravati,Alluvial Soil,1069,9727,28133,Cotton,39458
Jalgaon,Black Soil,3078,11713,31154,Sugarcane,34817
Nashik,Black Soil,1340,8655,31963,Maize,36882
Jalgaon,Black Soil,2751,9965,34359,Sugarcane,21357
Amravati,Black Soil,1367,8458,29955,Soybean,17233
Nashik,Laterite Soil,4037,8254,31690,Sugarcane,33862
Kolhapur,Alluvial Soil,1540,9487,21562,Soybean,24660
Kolhapur,Alluvial Soil,3447,9313,21118,Soybean,30631
Amravati,Black Soil,3415,10021,20123,Maize,20521
Solapur,Alluvial Soil,2313,11002,21607,Sugarcane,20328
Solapur,Alluvial Soil,1698,11342,25874,Cotton,23363
Nashik,Black Soil,4741,11600,21130,Soybean,22154
Solapur,Laterite Soil,3522,11217,20244,Rice,16250
Nagpur,Black Soil,3823,10416,20990,Soybean,24596
Mumbai,Black Soil,1212,10724,26063,Soybean,36539
Nashik,Black Soil,4041,10818,31727,Soybean,19191
Jalgaon,Alluvial Soil,3731,8499,24782,Rice,33001
Nagpur,Laterite Soil,4100,9164,29789,Cotton,24508
Nagpur,Laterite Soil,3720,9868,24380,Soybean,38034
Nagpur,Red Soil,3327,9085,31654,Sugarcane,30542
Pune,Red Soil,2746,11921,26326,Wheat,29481
Nagpur,Red Soil,3403,10274,32586,Maize,32297
Pune,Laterite Soil,4320,9236,20974,Maize,25400
Pune,Alluvial Soil,3058,8139,33948,Wheat,36529
Pune,Alluvial Soil,2699,8765,32312,Soybean,39481
Mumbai,Alluvial Soil,4005,10445,26426,Wheat,23310
Kolhapur,Red Soil,1672,11209,29137,Sugarcane,24954
Nagpur,Alluvial Soil,2610,10888,32292,Rice,45587
Nagpur,Alluvial Soil,2505,9038,31356,Maize,33824
Jalgaon,Red Soil,1844,8407,23648,Rice,35525
Mumbai,Laterite Soil,3617,10247,29609,Soybean,26127
Thane,Laterite Soil,2578,10465,24021,Sugarcane,12758
Solapur,Laterite Soil,3455,11896,21585,Maize,17193
Thane,Laterite Soil,4890,9200,31908,Soybean,18348
Thane,Alluvial Soil,2181,11061,27987,Cotton,37113
Mumbai,Black Soil,1359,9698,33939,Sugarcane,32707
Aurangabad,Red Soil,4268,11785,32090,Sugarcane,31335
Mumbai,Alluvial Soil,2441,10980,20854,Rice,24624
Thane,Laterite Soil,2532,11495,24319,Soybean,23463
Pune,Laterite Soil,3257,10617,25482,Wheat,33646
Aurangabad,Laterite Soil,3277,8893,26165,Soybean,26532
Aurangabad,Laterite Soil,1064,10964,32518,Wheat,36541
Aurangabad,Black Soil,2915,11025,30733,Cotton,31606
Aurangabad,Alluvial Soil,1264,10077,25529,Maize,33770
Kolhapur,Alluvial Soil,4819,10767,28220,Maize,16935
Amravati,Red Soil,1366,9321,20723,Cotton,24265
Amravati,Red Soil,3733,11226,28696,Sugarcane,19614
Aurangabad,Alluvial Soil,4857,10349,28957,Cotton,17421
Amravati,Laterite Soil,3049,10288,22816,Sugarcane,26707
Kolhapur,Alluvial Soil,1233,11210,27733,Cotton,24048
Nagpur,Black Soil,1936,8724,24400,Cotton,32348
Jalgaon,Laterite Soil,4017,11877,23864,Maize,38050
Aurangabad,Black Soil,1564,10693,28434,Cotton,31640
Nashik,Laterite Soil,1785,8145,20176,Rice,17787
Mumbai,Red Soil,1861,9772,32900,Soybean,20097
Mumbai,Red Soil,4978,9785,24196,Cotton,22370
Thane,Black Soil,3152,11075,23250,Sugarcane,8462
Solapur,Black Soil,3032,10494,30317,Cotton,21942
Thane,Laterite Soil,3846,9221,30911,Wheat,23826
Jalgaon,Laterite Soil,3673,10718,30676,Maize,26908
Solapur,Alluvial Soil,2976,11287,33888,Soybean,47509
Mumbai,Red Soil,1695,11142,32788,Cotton,43724
Jalgaon,Alluvial Soil,4780,8077,34981,Maize,26864
Amravati,Black Soil,2020,10513,26507,Wheat,35663
Thane,Alluvial Soil,1486,9300,21653,Rice,13695
Aurangabad,Black Soil,3902,9932,26134,Cotton,31453
Nashik,Laterite Soil,3249,11547,26085,Maize,28496
Solapur,Red Soil,1471,11533,22846,Soybean,30794
Nagpur,Black Soil,4609,8447,30354,Maize,27468
Kolhapur,Alluvial Soil,1001,8327,28662,Cotton,27931
Solapur,Alluvial Soil,1884,10537,22901,Cotton,13813
Amravati,Laterite Soil,4899,8869,28205,Cotton,37371
Thane,Red Soil,1068,8280,21373,Sugarcane,10487
Nashik,Red Soil,4045,9282,28734,Cotton,24920
Thane,Red Soil,2407,8570,24189,Soybean,32737
Aurangabad,Laterite Soil,1965,10345,32751,Cotton,34022
Jalgaon,Alluvial Soil,3983,11192,21692,Maize,15827
Solapur,Alluvial Soil,2393,10501,22461,Cotton,26690
Mumbai,Alluvial Soil,1850,10571,31799,Soybean,18090
Solapur,Laterite Soil,4612,8652,34017,Rice,42128
Aurangabad,Red Soil,1124,11811,32741,Rice,35759
Mumbai,Red Soil,2101,9302,23493,Wheat,34792
Jalgaon,Alluvial Soil,1462,10763,21671,Maize,33242
Pune,Black Soil,3723,9391,27673,Soybean,39881
Aurangabad,Alluvial Soil,1686,10818,23443,Rice,24636
Mumbai,Red Soil,4326,10890,21945,Rice,35803
Aurangabad,Black Soil,1578,9610,32707,Maize,38595
Mumbai,Laterite Soil,2064,11877,25205,Rice,11247
Aurangabad,Alluvial Soil,3231,9538,32127,Cotton,35501
Jalgaon,Red Soil,4641,9952,28695,Wheat,32577
Kolhapur,Red Soil,4831,11145,20079,Maize,5828
Solapur,Red Soil,3427,10986,28134,Rice,25463
Nagpur,Black Soil,2104,10212,26565,Rice,29638
Solapur,Black Soil,3428,10404,20121,Maize,22625
Thane,Alluvial Soil,4554,10515,22382,Cotton,11775
Jalgaon,Laterite Soil,1890,9588,32342,Maize,23137
Pune,Black Soil,4334,8849,29654,Sugarcane,37325
Kolhapur,Alluvial Soil,4073,11279,30773,Maize,35154
Jalgaon,Alluvial Soil,2166,10957,25470,Wheat,15370
Pune,Black Soil,2780,8934,20013,Sugarcane,18450
Nashik,Black Soil,3774,10401,31409,Sugarcane,23277
Amravati,Laterite Soil,2708,9078,32224,Rice,28854
Pune,Black Soil,1481,9242,20188,Soybean,23318
Thane,Red Soil,4308,9542,25609,Rice,22037
Nagpur,Alluvial Soil,3099,11272,28146,Sugarcane,22945
Nagpur,Laterite Soil,3234,8291,27892,Maize,33773
Aurangabad,Black Soil,4936,10962,34830,Rice,36590
Nagpur,Red Soil,2791,10240,31782,Cotton,33539
Jalgaon,Alluvial Soil,4126,10923,26489,Rice,25906
Thane,Laterite Soil,4884,9580,30273,Soybean,21020
Kolhapur,Laterite Soil,1481,9885,21357,Cotton,25130
Kolhapur,Red Soil,2316,9405,30513,Sugarcane,34840
Aurangabad,Laterite Soil,4845,11713,23786,Sugarcane,27419
Mumbai,Black Soil,2049,9980,33467,Sugarcane,32243
Jalgaon,Alluvial Soil,2117,9629,23112,Cotton,34911
Kolhapur,Laterite Soil,1618,8843,31842,Soybean,31730
Aurangabad,Red Soil,1235,9887,32535,Cotton,34208
Nagpur,Laterite Soil,3691,10182,23981,Sugarcane,21137
Solapur,Alluvial Soil,4826,10083,20317,Wheat,26455
Kolhapur,Red Soil,3635,8831,25571,Soybean,38702
Aurangabad,Red Soil,4474,11533,23532,Wheat,23419
Aurangabad,Alluvial Soil,3722,10864,30430,Maize,35913
Kolhapur,Alluvial Soil,1139,10549,22772,Maize,34265
Nashik,Black Soil,1558,10906,30895,Sugarcane,35004
Kolhapur,Laterite Soil,1320,10510,30173,Sugarcane,36254
Solapur,Red Soil,2740,11608,30696,Cotton,30222
Jalgaon,Black Soil,2170,9703,20445,Soybean,16600
Nashik,Red Soil,2784,9176,24277,Sugarcane,33070
Kolhapur,Black Soil,3950,9783,24071,Cotton,14256
Thane,Red Soil,4018,11711,25830,Rice,23982
Thane,Black Soil,4615,8428,27044,Sugarcane,34926
Thane,Alluvial Soil,1105,9646,31355,Rice,41249
Aurangabad,Red Soil,2145,8575,33510,Wheat,47801
Mumbai,Black Soil,3890,10846,31255,Rice,29876
Thane,Red Soil,4593,11616,28613,Wheat,37066
Solapur,Red Soil,2471,10175,21438,Cotton,33728
Kolhapur,Laterite Soil,3247,8239,22086,Maize,25913
Solapur,Red Soil,4809,9152,21154,Rice,34192
Pune,Alluvial Soil,4898,8528,27494,Maize,22254
Jalgaon,Laterite Soil,4224,9591,20155,Sugarcane,23660
Solapur,Alluvial Soil,4541,10464,21943,Maize,29263
Jalgaon,Black Soil,1728,10384,23442,Cotton,14403
Nashik,Black Soil,1179,11475,28420,Rice,19806
Aurangabad,Red Soil,3170,9163,21722,Rice,25510
Jalgaon,Black Soil,2555,11200,23244,Rice,27125
Thane,Red Soil,3190,8935,24726,Maize,28931
Kolhapur,Alluvial Soil,4197,10141,31494,Wheat,32771
Amravati,Black Soil,4381,8917,23475,Wheat,28356
Nashik,Black Soil,2970,8148,28745,Maize,26521
Amravati,Laterite Soil,4890,11884,21533,Rice,23105
Nashik,Alluvial Soil,1373,9235,26994,Soybean,36609
Solapur,Alluvial Soil,4711,10025,25857,Wheat,22971
Solapur,Alluvial Soil,4859,11515,33868,Cotton,22986
Solapur,Black Soil,2672,11304,27566,Maize,41215
Amravati,Alluvial Soil,2756,11571,20547,Cotton,24537
Nagpur,Alluvial Soil,1062,10598,26961,Maize,41424
Pune,Alluvial Soil,3972,9989,31656,Wheat,29359
Nashik,Alluvial Soil,2415,9050,29865,Cotton,36487
Nashik,Laterite Soil,1092,8991,20180,Rice,17537
Aurangabad,Red Soil,4386,11973,23299,Sugarcane,15130
Nashik,Red Soil,1706,11641,26641,Cotton,20808
Thane,Red Soil,4673,9390,25223,Sugarcane,17636
Jalgaon,Black Soil,1106,10760,21610,Maize,7769
Thane,Black Soil,2919,9352,28231,Rice,28272
Pune,Black Soil,1598,10335,27054,Cotton,26090
Aurangabad,Red Soil,3720,9908,21764,Wheat,18732
Nagpur,Alluvial Soil,2388,11990,20122,Maize,22929
Solapur,Red Soil,4890,11360,26000,Wheat,28812
Nagpur,Laterite Soil,3093,11201,20973,Cotton,8670
Solapur,Alluvial Soil,3954,9676,21055,Rice,27702
Jalgaon,Black Soil,3433,8930,33297,Soybean,43657
Nashik,Black Soil,3598,10125,26987,Sugarcane,16512
Nagpur,Alluvial Soil,4359,9355,24625,Maize,29155
Thane,Alluvial Soil,3464,8193,32880,Wheat,47247
Pune,Alluvial Soil,4942,9948,31058,Soybean,31604
Nashik,Laterite Soil,2583,10141,23058,Wheat,18653
Jalgaon,Black Soil,2464,9985,29656,Soybean,25229
Thane,Laterite Soil,3017,11645,32158,Wheat,31866
Mumbai,Laterite Soil,4337,11682,23094,Soybean,21049
Amravati,Black Soil,2606,10089,31282,Sugarcane,34019
Nagpur,Laterite Soil,3995,8770,27997,Rice,39156
Aurangabad,Red Soil,4923,9079,27489,Cotton,27727
Amravati,Alluvial Soil,2258,10712,20042,Rice,6989
Solapur,Alluvial Soil,4813,8774,33357,Rice,32106
Pune,Black Soil,2028,11903,34521,Wheat,31342
Mumbai,Black Soil,4853,8677,27998,Sugarcane,30799
Jalgaon,Laterite Soil,4110,9019,23498,Maize,26587
Pune,Alluvial Soil,4020,8711,22374,Rice,34180
Nashik,Alluvial Soil,1360,9696,23406,Cotton,30270
Kolhapur,Laterite Soil,2770,9648,26968,Rice,28952
Jalgaon,Laterite Soil,3663,9484,32855,Rice,30872
Mumbai,Red Soil,1198,8950,31927,Wheat,33530
Kolhapur,Laterite Soil,2695,8207,28083,Cotton,33299
Jalgaon,Laterite Soil,4432,11446,34477,Cotton,33501
Amravati,Laterite Soil,4345,9805,30854,Sugarcane,33706
Pune,Black Soil,2374,9815,23518,Wheat,18751
Nagpur,Red Soil,3743,8325,31331,Maize,38977
Amravati,Alluvial Soil,1629,10510,34855,Wheat,32734
Nashik,Laterite Soil,3052,9925,29521,Soybean,32933
Aurangabad,Alluvial Soil,4619,10932,31695,Maize,33186
Nashik,Black Soil,4889,8279,23443,Wheat,14560
Aurangabad,Laterite Soil,1050,8254,24002,Maize,11092
Solapur,Alluvial Soil,4103,10758,29517,Cotton,32901
Jalgaon,Laterite Soil,3007,10942,21921,Maize,10196
Jalgaon,Black Soil,4664,8315,29858,Rice,28972
Mumbai,Laterite Soil,4499,11512,34023,Wheat,24066
Solapur,Black Soil,2548,11021,22206,Cotton,24075
Kolhapur,Alluvial Soil,2729,10328,33738,Rice,22211
Pune,Alluvial Soil,3752,11819,30325,Rice,37201
Nagpur,Red Soil,1695,9589,20223,Cotton,5505
Amravati,Alluvial Soil,3865,9775,34055,Wheat,34070
Jalgaon,Alluvial Soil,4068,10850,28139,Soybean,21033
Pune,Laterite Soil,4665,9564,33588,Cotton,34475
Pune,Red Soil,1422,9862,20218,Cotton,15242
Nagpur,Laterite Soil,2890,8797,33397,Rice,20307
Kolhapur,Alluvial Soil,4794,9208,29139,Wheat,19953
Amravati,Alluvial Soil,1363,11117,30312,Cotton,26742
Jalgaon,Alluvial Soil,1978,9055,27972,Cotton,35932
Pune,Red Soil,4434,8817,32175,Cotton,41698
Jalgaon,Red Soil,4029,10786,34627,Maize,25191
Kolhapur,Alluvial Soil,4454,8815,31179,Soybean,38060
Solapur,Alluvial Soil,2933,10840,21283,Cotton,28500
Thane,Laterite Soil,4599,11287,27002,Maize,15611
Nashik,Red Soil,3562,10095,23385,Maize,22027
Pune,Laterite Soil,3315,11080,20650,Cotton,24737
Mumbai,Laterite Soil,1250,9409,24081,Sugarcane,18183
Pune,Laterite Soil,2378,11700,20104,Cotton,26157
Mumbai,Laterite Soil,1386,8289,33496,Wheat,31600
Kolhapur,Red Soil,3589,11614,20594,Wheat,25168
Kolhapur,Black Soil,1565,8549,32325,Wheat,28548
Nashik,Laterite Soil,4202,8075,33010,Maize,34748
Thane,Laterite Soil,3087,8322,21987,Rice,16629
Aurangabad,Black Soil,4696,10262,22287,Cotton,25832
Mumbai,Laterite Soil,2343,9791,21362,Sugarcane,7194
Solapur,Red Soil,4625,9026,22943,Rice,16120
Nagpur,Red Soil,2893,9770,31025,Maize,37892
Mumbai,Laterite Soil,1818,10426,29800,Cotton,31266
Pune,Alluvial Soil,2316,10435,30126,Wheat,28466
Mumbai,Laterite Soil,4241,10284,32799,Rice,46780
Jalgaon,Black Soil,1719,10026,27187,Wheat,38215
Thane,Laterite Soil,1372,9035,26112,Cotton,35566
Aurangabad,Laterite Soil,1458,8049,23111,Maize,35422
Pune,Alluvial Soil,3910,8163,28353,Cotton,36060
Pune,Red Soil,2435,8667,24553,Maize,25399
Pune,Black Soil,3515,11280,23899,Cotton,33739
Aurangabad,Alluvial Soil,3213,11570,28771,Wheat,21794
Amravati,Laterite Soil,3050,9191,30070,Maize,33638
Aurangabad,Laterite Soil,2271,9275,32228,Soybean,22525
Kolhapur,Laterite Soil,1071,9393,34300,Cotton,29419
Nashik,Alluvial Soil,1821,9654,34980,Sugarcane,44750
Nashik,Black Soil,2244,10087,29085,Maize,29700
Pune,Laterite Soil,2006,8237,32484,Rice,28701
Aurangabad,Alluvial Soil,2483,11565,24831,Cotton,29041
Amravati,Red Soil,3131,10375,29035,Wheat,42573
Nashik,Black Soil,1112,9706,28911,Soybean,41646
Aurangabad,Red Soil,1196,8028,23518,Wheat,25450
Mumbai,Red Soil,1834,11640,33730,Maize,41790
Nashik,Laterite Soil,4080,9940,23402,Maize,28447
Nashik,Red Soil,3438,8096,21295,Cotton,32543
Nagpur,Laterite Soil,3167,11893,25505,Sugarcane,15579
Mumbai,Red Soil,1853,8692,27285,Soybean,34351
Jalgaon,Alluvial Soil,3674,8965,31213,Cotton,32940
Thane,Red Soil,3361,11292,28101,Wheat,16891
Nagpur,Laterite Soil,4242,11706,32647,Cotton,25423
Nashik,Laterite Soil,2276,11496,31741,Cotton,29734
Kolhapur,Alluvial Soil,1104,8142,23140,Rice,25908
Mumbai,Red Soil,4823,11278,34779,Sugarcane,47822
Kolhapur,Alluvial Soil,2775,11320,33125,Sugarcane,30688
Amravati,Alluvial Soil,1964,8225,34419,Rice,20416
Aurangabad,Alluvial Soil,2371,11777,20506,Sugarcane,10871
Aurangabad,Alluvial Soil,4459,8575,27207,Rice,19421
Thane,Laterite Soil,4561,9725,28281,Cotton,22749
Amravati,Alluvial Soil,3578,9594,27122,Cotton,21108
Thane,Black Soil,1488,9647,20379,Cotton,22840
Solapur,Laterite Soil,3973,9010,23746,Soybean,27149
Nashik,Red Soil,1276,9243,29987,Maize,24871
Pune,Laterite Soil,3305,9873,22345,Wheat,24368
Mumbai,Black Soil,3224,11948,33280,Sugarcane,38606
Solapur,Laterite Soil,1843,8768,20012,Wheat,8199
Nashik,Laterite Soil,2355,10330,26581,Sugarcane,31727
Solapur,Black Soil,2069,11869,27565,Cotton,18812
Amravati,Black Soil,4758,9778,20636,Sugarcane,18576
Solapur,Red Soil,2936,10654,25616,Soybean,28703
Thane,Laterite Soil,1767,10843,20369,Sugarcane,10686
Kolhapur,Laterite Soil,1888,9107,28382,Cotton,42544
Pune,Alluvial Soil,4638,8708,23876,Maize,23567
Jalgaon,Laterite Soil,1805,9213,23120,Maize,20554
Solapur,Alluvial Soil,4604,10942,24767,Maize,18487
Pune,Black Soil,1518,10965,32609,Rice,27956
Pune,Red Soil,4667,8752,26491,Cotton,22927
Nashik,Red Soil,4908,10967,21107,Cotton,33611
Nagpur,Laterite Soil,4686,10448,34314,Cotton,38624
Thane,Alluvial Soil,2793,9008,33272,Maize,28386
Amravati,Red Soil,4955,8077,33987,Maize,39104
Nagpur,Alluvial Soil,3221,10293,26589,Wheat,13377
Amravati,Laterite Soil,4010,11841,23032,Rice,27579
Mumbai,Alluvial Soil,1366,10913,34233,Cotton,44278
Thane,Alluvial Soil,2275,9743,32044,Soybean,36361
Kolhapur,Red Soil,1792,9269,24581,Rice,25761
Amravati,Laterite Soil,2396,8894,25031,Wheat,29264
Amravati,Black Soil,2946,8190,26302,Maize,16815
Kolhapur,Red Soil,1937,8938,20109,Wheat,27095
Amravati,Red Soil,2312,11772,30133,Wheat,33609
Kolhapur,Alluvial Soil,4140,10667,34947,Maize,30171
Nashik,Red Soil,1978,8329,22589,Sugarcane,37401
Solapur,Alluvial Soil,4783,8502,31733,Sugarcane,32347
Solapur,Black Soil,3141,8214,23460,Maize,36932
Nashik,Alluvial Soil,3994,8280,25999,Soybean,19656
Solapur,Alluvial Soil,4266,11039,31328,Wheat,32592
Mumbai,Laterite Soil,2057,11872,25914,Wheat,21618
Nagpur,Red Soil,3333,8041,27890,Maize,36644
Aurangabad,Laterite Soil,3169,11834,30098,Maize,44421
Kolhapur,Laterite Soil,3113,9190,30244,Rice,16647
Nagpur,Alluvial Soil,4005,11315,22574,Cotton,19095
Jalgaon,Alluvial Soil,1100,9712,21375,Cotton,12020
Aurangabad,Red Soil,2365,9419,31878,Wheat,38697
Aurangabad,Alluvial Soil,1443,10971,29722,Cotton,17067
Solapur,Alluvial Soil,4042,11807,33680,Sugarcane,36370
Solapur,Laterite Soil,1920,9053,26438,Soybean,25951
Nashik,Alluvial Soil,2833,9203,27900,Cotton,25683
Nashik,Alluvial Soil,3334,8265,33053,Wheat,41344
Jalgaon,Red Soil,2599,9787,25828,Maize,27360
Amravati,Laterite Soil,1032,9845,31867,Sugarcane,44752
Amravati,Red Soil,4577,8725,29301,Sugarcane,35510
Thane,Red Soil,3092,9945,27348,Soybean,23703
Mumbai,Laterite Soil,3050,10030,30618,Cotton,27824
Amravati,Red Soil,3539,10859,27204,Maize,32946
Aurangabad,Black Soil,3496,10310,20956,Maize,18541
Jalgaon,Black Soil,3131,11667,25623,Soybean,19412
Nagpur,Black Soil,2112,8261,21194,Soybean,23858
Jalgaon,Laterite Soil,2232,11706,31668,Wheat,30708
Pune,Red Soil,1107,8852,21324,Wheat,32032
Mumbai,Red Soil,3598,9869,20940,Soybean,10394
Mumbai,Alluvial Soil,1279,10888,24895,Maize,11229
Thane,Laterite Soil,1673,9037,20773,Rice,26599
Thane,Laterite Soil,4882,8587,22656,Sugarcane,28102
Kolhapur,Alluvial Soil,1657,11817,22249,Rice,34048
Kolhapur,Laterite Soil,1739,8230,34028,Soybean,45521
Aurangabad,Red Soil,2945,10774,33590,Rice,38547
Nagpur,Laterite Soil,3907,11115,32996,Wheat,33271
Amravati,Alluvial Soil,2291,10575,27189,Sugarcane,25749
Jalgaon,Laterite Soil,4763,8580,25510,Cotton,13519
Aurangabad,Black Soil,1310,9168,30365,Rice,37562
Nagpur,Red Soil,3261,10658,28275,Rice,30785
Jalgaon,Red Soil,1911,11143,29501,Cotton,16583
Mumbai,Laterite Soil,3729,10433,20783,Sugarcane,22435
Solapur,Laterite Soil,2818,8272,34667,Maize,40607
Thane,Black Soil,2504,9515,31314,Sugarcane,34975
Amravati,Alluvial Soil,1218,8619,29585,Maize,29527
Nashik,Red Soil,4335,8432,28670,Rice,26425
Amravati,Black Soil,2993,9596,22971,Rice,34406
Kolhapur,Laterite Soil,4334,9684,29177,Maize,28419
Pune,Red Soil,4137,10862,33849,Cotton,32061
Solapur,Laterite Soil,3518,9678,20085,Maize,13915
Nashik,Laterite Soil,2675,10933,28781,Wheat,23958
Thane,Red Soil,3112,9410,33631,Rice,33652
Amravati,Black Soil,3957,9885,20726,Maize,21864
Solapur,Black Soil,1603,11823,20216,Rice,16896
Kolhapur,Black Soil,3554,10942,27655,Soybean,37602
Pune,Black Soil,2092,10621,30423,Rice,26299
Thane,Laterite Soil,2573,9811,28361,Cotton,31492
Pune,Laterite Soil,3914,11885,20919,Soybean,14534
Amravati,Laterite Soil,1115,9051,28335,Soybean,28611
Aurangabad,Red Soil,3394,9809,26014,Wheat,33291
Thane,Alluvial Soil,2291,8016,28820,Rice,29891
Kolhapur,Laterite Soil,2376,10317,30416,Wheat,40923
Thane,Red Soil,3692,9929,25289,Soybean,26676
Solapur,Black Soil,4535,9857,27789,Sugarcane,13392
Mumbai,Alluvial Soil,3556,11436,20456,Cotton,13377
Thane,Black Soil,2258,8240,25993,Rice,39867
Jalgaon,Black Soil,4754,11559,29799,Soybean,17642
Kolhapur,Red Soil,3202,10078,33969,Sugarcane,29771
Nashik,Alluvial Soil,2101,8846,27890,Wheat,24093
Mumbai,Black Soil,1578,10455,26959,Rice,24772
Kolhapur,Black Soil,2051,9965,22445,Sugarcane,12438
Pune,Red Soil,4619,11077,30724,Sugarcane,29281
Solapur,Laterite Soil,4088,10185,28709,Maize,27102
Thane,Laterite Soil,2274,8390,23057,Maize,23761
Solapur,Laterite Soil,2822,9940,27432,Soybean,22642
Amravati,Red Soil,4887,8232,27257,Cotton,20071
Kolhapur,Red Soil,4768,8321,25549,Cotton,30135
Solapur,Alluvial Soil,4086,8914,27773,Cotton,31922
Nashik,Red Soil,3977,10387,25938,Maize,23123
Pune,Red Soil,3220,8231,26082,Sugarcane,26807
Pune,Alluvial Soil,2108,8602,22236,Rice,21280
Kolhapur,Laterite Soil,4933,8907,31375,Soybean,30242
Jalgaon,Alluvial Soil,2398,11741,33078,Sugarcane,30405
Kolhapur,Black Soil,2868,11592,29701,Sugarcane,25298
Solapur,Alluvial Soil,1720,9475,21611,Rice,19100
Thane,Red Soil,4271,10712,28621,Maize,31599
Pune,Red Soil,4850,11036,34066,Wheat,35585
Solapur,Black Soil,1052,8768,30373,Cotton,36631
Mumbai,Black Soil,2146,9172,28334,Maize,25310
Amravati,Red Soil,3285,8919,23971,Cotton,25751
Kolhapur,Laterite Soil,2546,9012,26827,Maize,28212
Nashik,Laterite Soil,4902,9320,30408,Maize,30964
Mumbai,Alluvial Soil,4462,9855,34312,Maize,40899
Thane,Laterite Soil,3531,11900,33465,Soybean,39489
Kolhapur,Alluvial Soil,1367,8544,21908,Soybean,17988
Pune,Alluvial Soil,1467,8641,29071,Soybean,36277
Aurangabad,Laterite Soil,1219,9045,23767,Wheat,30074
Solapur,Alluvial Soil,1467,9923,34646,Rice,33966
Solapur,Red Soil,1671,8772,25200,Cotton,35917
Nagpur,Red Soil,1454,8117,28366,Maize,30941
Thane,Black Soil,4401,11018,34049,Cotton,22319
Nashik,Alluvial Soil,4531,9361,28921,Sugarcane,20482
Nagpur,Alluvial Soil,1526,10833,27522,Maize,15790
Nashik,Red Soil,2579,9416,26187,Soybean,36773
Nashik,Red Soil,2780,11677,22979,Sugarcane,21670
Jalgaon,Black Soil,3899,10872,33823,Soybean,22436
Solapur,Laterite Soil,3864,9188,34425,Rice,38722
Amravati,Alluvial Soil,3368,10265,31356,Cotton,28804
Aurangabad,Alluvial Soil,4881,10288,22844,Soybean,24704
Jalgaon,Black Soil,1782,11215,30945,Soybean,32157
Nashik,Black Soil,1599,8773,20470,Rice,23281
Solapur,Laterite Soil,2152,10416,30733,Sugarcane,28726
Nagpur,Laterite Soil,4149,10145,21986,Sugarcane,23759
Nashik,Black Soil,2679,9029,34604,Wheat,24681
Aurangabad,Black Soil,4341,10174,24681,Maize,26217
Kolhapur,Alluvial Soil,3334,8465,29208,Cotton,31698
Thane,Red Soil,3514,10436,34422,Wheat,43200
Nashik,Alluvial Soil,3262,8244,32845,Rice,34713
Thane,Alluvial Soil,4339,10514,29002,Maize,33666
Mumbai,Alluvial Soil,1870,9884,20248,Maize,28398
Amravati,Alluvial Soil,2529,8377,22786,Maize,36937
Pune,Red Soil,4115,8242,26597,Sugarcane,20338
Mumbai,Black Soil,3963,8669,32214,Soybean,42153
Amravati,Black Soil,4376,9922,25021,Wheat,31223
Mumbai,Laterite Soil,3421,8088,29982,Maize,37036
Pune,Red Soil,3502,10977,24076,Wheat,22957
Mumbai,Laterite Soil,2998,8273,21725,Cotton,21909
Amravati,Red Soil,2986,11451,31719,Sugarcane,27279
Pune,Laterite Soil,1295,8003,26514,Wheat,37029
Thane,Laterite Soil,2096,10104,30602,Rice,33104
Nashik,Alluvial Soil,2535,10715,27339,Maize,13698
Aurangabad,Alluvial Soil,4320,10338,29625,Maize,25115
Solapur,Laterite Soil,2727,11210,34198,Cotton,36546
Aurangabad,Laterite Soil,2918,9618,25594,Soybean,12158
Aurangabad,Black Soil,3243,9142,21364,Sugarcane,31267
Solapur,Red Soil,2289,11640,31529,Soybean,29594
Amravati,Red Soil,1000,9403,34080,Maize,42276
Mumbai,Alluvial Soil,2606,10726,21795,Wheat,33213
Nashik,Red Soil,2418,11823,30177,Maize,28377
Nashik,Black Soil,4275,8714,21975,Rice,17254
Thane,Alluvial Soil,1052,11037,26310,Cotton,26557
Mumbai,Red Soil,1873,11874,20093,Rice,10297
Jalgaon,Alluvial Soil,2712,8725,20196,Sugarcane,30636
Nagpur,Black Soil,1505,8057,22284,Maize,19232
Kolhapur,Black Soil,3749,8424,25911,Rice,19321
Mumbai,Red Soil,4294,10051,20630,Maize,25330
Kolhapur,Black Soil,2205,9479,30718,Sugarcane,19331
Thane,Black Soil,3203,8583,29613,Sugarcane,40682
Nagpur,Red Soil,3727,11173,25235,Maize,22929
Amravati,Laterite Soil,1625,11806,25516,Maize,30226
Amravati,Red Soil,1501,10829,29664,Cotton,14939
Jalgaon,Red Soil,3194,10114,31744,Wheat,36360
Mumbai,Alluvial Soil,1051,10380,33219,Cotton,28515
Jalgaon,Alluvial Soil,2777,11327,27598,Soybean,16763
Aurangabad,Laterite Soil,3483,9494,32260,Rice,27830
Mumbai,Laterite Soil,4577,8398,23080,Soybean,19601
Kolhapur,Alluvial Soil,2358,9507,28927,Wheat,23463
Aurangabad,Alluvial Soil,4101,8256,25292,Rice,21353
Nagpur,Alluvial Soil,2557,10640,22222,Sugarcane,8875
Amravati,Alluvial Soil,4607,10957,30613,Sugarcane,30242
Aurangabad,Red Soil,1809,8833,30661,Cotton,41205
Nashik,Laterite Soil,2965,10748,25587,Cotton,30738
Solapur,Red Soil,1039,11312,28791,Rice,21690
Thane,Alluvial Soil,2190,10045,27363,Wheat,25690
Thane,Laterite Soil,4115,9625,20090,Cotton,16310
Thane,Red Soil,4718,11598,23013,Rice,20706
Nagpur,Laterite Soil,2998,10577,29326,Maize,29461
Jalgaon,Alluvial Soil,3017,8101,27020,Rice,30229
Amravati,Black Soil,3556,10422,27920,Cotton,29032
Kolhapur,Black Soil,4184,9655,26221,Soybean,29053
Nagpur,Black Soil,1443,8044,31185,Wheat,43559
Nashik,Black Soil,4197,11015,29386,Cotton,26968
Mumbai,Black Soil,3015,11488,25409,Rice,36452
Nagpur,Red Soil,3680,11790,28715,Sugarcane,27563
Kolhapur,Laterite Soil,1043,10045,23548,Wheat,22637
Kolhapur,Red Soil,2006,11245,26878,Maize,25446
Solapur,Red Soil,2871,9404,21411,Cotton,33410
Jalgaon,Black Soil,3074,8945,20451,Rice,29678
Mumbai,Laterite Soil,3798,10545,26411,Sugarcane,16406
Kolhapur,Red Soil,3786,10931,30638,Sugarcane,19137
Nashik,Red Soil,4356,10338,24826,Maize,28937
Nagpur,Black Soil,3442,8354,24532,Soybean,18119
Amravati,Laterite Soil,1431,8816,20919,Maize,31720
Pune,Laterite Soil,4672,8654,32110,Sugarcane,36202
Nagpur,Laterite Soil,3427,9216,29251,Soybean,31187
Nashik,Alluvial Soil,3527,8836,23700,Wheat,28125
Aurangabad,Black Soil,4784,9593,34368,Sugarcane,37383
Nagpur,Red Soil,2294,11858,34406,Rice,45077
Jalgaon,Black Soil,3213,8603,21445,Wheat,15890
Nagpur,Black Soil,3513,8224,31813,Soybean,42136
Pune,Red Soil,1765,9497,24003,Cotton,20733
Thane,Red Soil,4950,8464,29570,Cotton,30858
Amravati,Black Soil,4889,10201,33830,Maize,23228
Nagpur,Alluvial Soil,1525,8303,33990,Cotton,40823
Nashik,Red Soil,4057,9753,22154,Rice,34819
Aurangabad,Laterite Soil,2393,9239,27792,Wheat,16278
Nagpur,Laterite Soil,4521,10932,25418,Cotton,34836
Thane,Alluvial Soil,1514,10672,30955,Soybean,21375
Aurangabad,Red Soil,2333,9752,23037,Wheat,27151
Mumbai,Laterite Soil,3818,11494,20856,Maize,24688
Pune,Laterite Soil,2595,8380,20640,Wheat,20574
Mumbai,Red Soil,1286,10788,31565,Cotton,27643
Aurangabad,Laterite Soil,1314,10220,23562,Cotton,28885
Thane,Red Soil,2086,11739,31648,Cotton,30200
Jalgaon,Red Soil,2956,10229,23990,Sugarcane,22106
Mumbai,Red Soil,2487,8388,32374,Soybean,27248
Aurangabad,Alluvial Soil,4423,9056,31557,Sugarcane,44789
Pune,Alluvial Soil,1861,8288,30792,Cotton,17969
Amravati,Alluvial Soil,3209,8050,30441,Soybean,41459
Solapur,Black Soil,2981,10055,29329,Maize,30110
Solapur,Alluvial Soil,1808,9363,34382,Maize,20317
Thane,Laterite Soil,4178,8087,29878,Soybean,23002
Kolhapur,Alluvial Soil,4787,11450,28560,Rice,21511
Aurangabad,Black Soil,4513,9247,32695,Rice,22591
Nagpur,Alluvial Soil,2649,9011,26987,Sugarcane,33600
Solapur,Alluvial Soil,2237,8170,21106,Sugarcane,25001
Aurangabad,Alluvial Soil,3933,10669,23611,Rice,28018
Thane,Laterite Soil,4347,9932,32066,Maize,29426
Nagpur,Laterite Soil,1488,8412,34266,Cotton,47092
Pune,Red Soil,2135,10003,29233,Wheat,17654
Thane,Black Soil,4407,11923,29869,Soybean,40682
Aurangabad,Red Soil,1942,11386,21477,Soybean,20455
Kolhapur,Red Soil,2071,8423,29412,Wheat,17685
Nagpur,Black Soil,4510,10945,33619,Soybean,27416
Pune,Alluvial Soil,3963,11089,23327,Cotton,13064
Pune,Alluvial Soil,4553,9138,24170,Rice,26472
Pune,Black Soil,2334,10958,21328,Maize,21157
Mumbai,Laterite Soil,3190,9125,26500,Soybean,24948
Kolhapur,Black Soil,2187,9857,22205,Cotton,22033
Pune,Alluvial Soil,1266,10814,29560,Soybean,28584
Amravati,Red Soil,1099,10504,21475,Soybean,17445
Nagpur,Black Soil,2294,9247,29804,Maize,26045
Jalgaon,Alluvial Soil,4836,10692,20358,Rice,18197
Amravati,Laterite Soil,2354,10713,29679,Maize,27668
Kolhapur,Alluvial Soil,3875,10732,24493,Rice,20759
Nashik,Red Soil,2717,10979,20637,Cotton,17881
Amravati,Black Soil,3646,10310,24758,Rice,16248
Nashik,Alluvial Soil,1546,10547,22970,Wheat,24107
Solapur,Red Soil,2318,10650,22825,Wheat,25237
Amravati,Black Soil,1629,8615,20169,Rice,29045
Pune,Alluvial Soil,2377,10008,31764,Maize,27076
Kolhapur,Black Soil,3196,8683,34552,Soybean,36748
Mumbai,Laterite Soil,4617,9584,27479,Soybean,28499
Nagpur,Red Soil,4602,8666,33075,Soybean,32036
Nashik,Black Soil,3616,9004,28029,Maize,42739
Kolhapur,Black Soil,4762,11320,26080,Maize,30949
Mumbai,Black Soil,2185,11388,31232,Maize,33664
Mumbai,Laterite Soil,1426,11050,34877,Cotton,38944
Jalgaon,Black Soil,3605,10032,34689,Soybean,38064
Nagpur,Red Soil,4779,11252,20713,Soybean,20143
Kolhapur,Alluvial Soil,3105,10855,29546,Wheat,21410
Pune,Black Soil,4636,9744,33959,Soybean,31932
Jalgaon,Alluvial Soil,3347,8172,21804,Rice,20546
Nashik,Alluvial Soil,2616,8941,33297,Sugarcane,30184
Pune,Laterite Soil,3339,9237,32849,Sugarcane,29488
Nashik,Laterite Soil,2474,8055,29019,Soybean,18983
Jalgaon,Laterite Soil,4056,8052,32567,Soybean,27900
Jalgaon,Laterite Soil,3019,8606,31752,Maize,35136
Aurangabad,Alluvial Soil,2444,10632,21911,Wheat,25215
Thane,Alluvial Soil,4130,11255,31049,Soybean,32208
Solapur,Alluvial Soil,2283,9087,34690,Cotton,46401
Aurangabad,Laterite Soil,4574,10884,24975,Soybean,14771
Jalgaon,Alluvial Soil,2200,11241,27090,Rice,38066
Mumbai,Laterite Soil,4226,10255,23700,Cotton,8794
Amravati,Black Soil,3423,11649,28481,Maize,31938
Thane,Black Soil,4837,10122,26580,Wheat,18543
Solapur,Black Soil,3672,9712,23835,Wheat,25925
Nashik,Alluvial Soil,4958,8952,33820,Maize,22548
Thane,Black Soil,2822,10372,23270,Cotton,25428
Mumbai,Laterite Soil,3004,9592,22716,Maize,18620
Solapur,Alluvial Soil,4761,11784,21866,Maize,20487
Amravati,Red Soil,3445,10679,25730,Soybean,24356
Jalgaon,Red Soil,1193,9383,33683,Cotton,47928
Solapur,Red Soil,4671,9232,24423,Maize,26725
Nagpur,Red Soil,2494,8019,26986,Wheat,36964
Mumbai,Black Soil,2198,10535,24541,Wheat,19114
Amravati,Alluvial Soil,3914,8862,28252,Wheat,17742
Thane,Red Soil,2744,8764,27861,Maize,20517
Amravati,Laterite Soil,2604,8325,27114,Rice,41738
Nashik,Black Soil,3817,9335,30086,Maize,17014
Aurangabad,Alluvial Soil,4376,9441,26164,Soybean,33901
Aurangabad,Alluvial Soil,4316,8593,28673,Soybean,21312
Jalgaon,Alluvial Soil,1939,8776,32572,Maize,35945
Kolhapur,Red Soil,2049,9212,21078,Soybean,21000
Solapur,Black Soil,2700,11467,28809,Rice,26233
Nagpur,Black Soil,3450,8665,34705,Rice,35800
Kolhapur,Black Soil,1308,11593,32266,Sugarcane,27893
Pune,Red Soil,1442,11861,29731,Wheat,33322
Jalgaon,Laterite Soil,4432,10187,22034,Cotton,15698
Jalgaon,Alluvial Soil,2936,8195,28215,Soybean,28530
Jalgaon,Black Soil,4049,8472,21256,Maize,32506
Aurangabad,Alluvial Soil,2946,8858,34392,Rice,36884
Kolhapur,Alluvial Soil,4217,8127,25233,Rice,22760
Aurangabad,Black Soil,3510,9531,30216,Soybean,31815
Jalgaon,Red Soil,1254,9231,24688,Maize,24247
Mumbai,Alluvial Soil,4023,9705,34104,Cotton,39167
Thane,Laterite Soil,3317,9831,34732,Maize,49366
Amravati,Alluvial Soil,4087,10776,30060,Sugarcane,31567
Aurangabad,Black Soil,3514,10575,31011,Maize,28041
Solapur,Red Soil,4950,8486,30181,Soybean,20406
Mumbai,Black Soil,1308,8945,32833,Wheat,42852
Nagpur,Red Soil,2020,10488,26117,Sugarcane,35797
Kolhapur,Black Soil,4368,9442,23876,Soybean,37729
Kolhapur,Black Soil,3482,11712,34736,Maize,19778
Kolhapur,Laterite Soil,2412,11290,27503,Maize,31860
Aurangabad,Black Soil,4787,11928,27277,Sugarcane,31085
Thane,Alluvial Soil,2850,11963,32847,Wheat,21200
Pune,Red Soil,4328,8340,33010,Maize,34363
Amravati,Laterite Soil,3284,8606,25285,Soybean,32631
Aurangabad,Black Soil,3567,8532,20519,Rice,23817
Mumbai,Black Soil,3288,8637,29524,Cotton,28003
Pune,Laterite Soil,1417,8729,32352,Rice,22359
Nagpur,Red Soil,2227,9069,26052,Rice,28205
Kolhapur,Red Soil,1382,8304,25795,Soybean,36588
Nagpur,Laterite Soil,1991,9665,22121,Maize,16260
Thane,Alluvial Soil,2441,10816,29183,Wheat,44111
Mumbai,Red Soil,4222,11345,23509,Rice,27159
Nagpur,Laterite Soil,4765,9994,24449,Soybean,19961
Aurangabad,Alluvial Soil,1631,9480,20044,Maize,30049
Thane,Black Soil,1899,11178,28258,Sugarcane,40365
Kolhapur,Black Soil,1819,9999,33914,Wheat,31932
Thane,Red Soil,4454,10516,22828,Sugarcane,18835
Mumbai,Red Soil,3741,11683,29533,Maize,27110
Mumbai,Black Soil,4046,9508,21313,Maize,7639
Pune,Red Soil,2258,8890,27217,Cotton,39898
Aurangabad,Laterite Soil,4156,9667,27070,Cotton,20087
Thane,Alluvial Soil,2083,8205,20692,Maize,9227
Amravati,Laterite Soil,2647,11566,20598,Wheat,10705
Amravati,Laterite Soil,1429,11468,26558,Sugarcane,27990
Jalgaon,Alluvial Soil,1931,11829,21344,Soybean,31908
Nagpur,Black Soil,4192,11255,25717,Wheat,28343
Nashik,Alluvial Soil,4151,10970,26632,Wheat,21497
Amravati,Black Soil,4805,10647,29886,Sugarcane,28885
Aurangabad,Red Soil,4684,10816,28483,Wheat,17199
Mumbai,Alluvial Soil,2004,10143,30441,Maize,26343
Jalgaon,Laterite Soil,1752,8904,27523,Soybean,31520
Pune,Laterite Soil,2124,8861,29171,Rice,23125
Pune,Alluvial Soil,1429,11221,28390,Soybean,30255
Amravati,Alluvial Soil,1684,8103,33198,Sugarcane,37970
Nashik,Black Soil,4691,9361,29110,Cotton,42934
Nashik,Red Soil,1257,8556,24992,Sugarcane,25584
Nagpur,Red Soil,4309,8802,32030,Sugarcane,39446
Mumbai,Alluvial Soil,1720,8069,33300,Sugarcane,36209
Nagpur,Laterite Soil,2843,9366,25184,Soybean,23156
Solapur,Red Soil,3457,10173,32046,Sugarcane,43071
Mumbai,Alluvial Soil,3425,8931,20858,Soybean,34658
Jalgaon,Black Soil,2022,8028,21263,Cotton,27750
Solapur,Black Soil,3166,10743,22491,Wheat,10597
Solapur,Red Soil,3340,10026,27237,Maize,26710
Thane,Red Soil,3036,10277,27621,Sugarcane,32986
Thane,Red Soil,3229,9336,30556,Rice,26417
Thane,Laterite Soil,2635,8705,22115,Cotton,23465
Thane,Black Soil,2822,11375,32998,Sugarcane,25198
Nagpur,Red Soil,4652,11821,33243,Wheat,43377
Solapur,Red Soil,4541,8650,30630,Sugarcane,43215
Jalgaon,Red Soil,4496,10816,29785,Maize,32940
Aurangabad,Laterite Soil,2222,11268,32278,Wheat,19723
Mumbai,Laterite Soil,1938,8334,20409,Soybean,34652
Amravati,Black Soil,2504,11351,20717,Sugarcane,30398
Aurangabad,Black Soil,3516,9867,34970,Soybean,49175
Nagpur,Black Soil,1309,11296,23874,Cotton,20637
Amravati,Red Soil,3408,10621,29429,Rice,34461
Aurangabad,Black Soil,2944,11949,24006,Cotton,10077
Nagpur,Alluvial Soil,4214,10462,23805,Soybean,18558
Solapur,Alluvial Soil,4404,9492,30176,Soybean,42563
Kolhapur,Laterite Soil,2825,11109,32322,Sugarcane,32033
Thane,Laterite Soil,1803,11683,26043,Rice,23504
Aurangabad,Laterite Soil,1257,8966,34808,Soybean,47855
Nashik,Black Soil,4412,9948,20093,Sugarcane,5889
Amravati,Laterite Soil,2979,10760,23910,Soybean,19999
Nagpur,Red Soil,2442,9158,31631,Soybean,33872
Pune,Red Soil,4389,8580,27004,Maize,35082
Thane,Alluvial Soil,3518,9395,24694,Sugarcane,31794
Nashik,Black Soil,1691,11544,30489,Maize,33980
Aurangabad,Black Soil,1291,8342,27683,Sugarcane,40392
Kolhapur,Red Soil,1730,8186,31897,Cotton,19912
Amravati,Laterite Soil,1534,9724,27722,Rice,32419
Aurangabad,Black Soil,2983,9597,31740,Wheat,34378
Jalgaon,Black Soil,2588,11317,22407,Rice,22649
Nashik,Alluvial Soil,2891,11298,29056,Soybean,30573
Amravati,Red Soil,1566,8843,34006,Rice,35146
Nashik,Black Soil,1229,10352,34525,Cotton,49087
Thane,Laterite Soil,4249,8970,34301,Cotton,39106
Jalgaon,Alluvial Soil,3622,9470,24453,Wheat,27028
Amravati,Red Soil,4801,10315,27443,Maize,15976
Mumbai,Black Soil,2897,11351,27365,Cotton,36275
Solapur,Black Soil,1573,10795,29944,Cotton,35782
Jalgaon,Black Soil,3350,11565,25226,Cotton,27502
Thane,Alluvial Soil,1490,9767,25445,Maize,35949
Nashik,Laterite Soil,4299,11129,28479,Maize,38403
Nashik,Laterite Soil,1389,9842,27355,Sugarcane,38848
Thane,Alluvial Soil,4137,9126,34466,Wheat,28731
Solapur,Red Soil,1958,11171,30458,Wheat,42164
Aurangabad,Red Soil,3527,9928,32897,Wheat,26579
Mumbai,Black Soil,1521,8346,20743,Rice,14436
Aurangabad,Alluvial Soil,2505,11723,32167,Soybean,30227
Pune,Red Soil,3977,11476,32329,Cotton,32969
Jalgaon,Red Soil,4241,9805,26739,Maize,40741
Jalgaon,Laterite Soil,2393,10352,28749,Wheat,20447
Thane,Black Soil,4999,8506,21774,Rice,11522
Nashik,Alluvial Soil,3459,8089,30501,Cotton,31216
Pune,Black Soil,2841,8567,27275,Maize,24960
Aurangabad,Black Soil,2082,9183,25606,Wheat,16831
Thane,Alluvial Soil,1600,11572,34398,Wheat,21186
Solapur,Black Soil,1640,11962,21539,Wheat,35123
Nagpur,Laterite Soil,2875,9730,31918,Maize,20495
Pune,Black Soil,4201,9417,20109,Wheat,23803
Nashik,Alluvial Soil,3546,9686,33793,Maize,27093
Nashik,Red Soil,3924,11538,25970,Rice,28766
Kolhapur,Alluvial Soil,3980,8595,33741,Maize,47941
Solapur,Red Soil,2294,10304,30416,Soybean,22012
Jalgaon,Red Soil,3223,8318,32933,Rice,26880
Jalgaon,Alluvial Soil,2389,9261,30236,Cotton,31960
Thane,Alluvial Soil,3717,10589,27804,Cotton,23089
Aurangabad,Red Soil,1383,9529,24533,Soybean,22715
Solapur,Alluvial Soil,1061,8286,28987,Rice,16304
Amravati,Laterite Soil,3770,11283,24782,Maize,32671
Pune,Black Soil,3321,11309,25657,Rice,12138
Nashik,Laterite Soil,1826,11230,33078,Sugarcane,27922
Mumbai,Red Soil,4698,11015,25812,Maize,14217
Solapur,Alluvial Soil,4822,10964,33016,Sugarcane,20596
Jalgaon,Alluvial Soil,2615,11569,32001,Wheat,30277
Solapur,Laterite Soil,3301,10381,32558,Soybean,25337
Nashik,Black Soil,2687,10546,34262,Wheat,31927
Mumbai,Black Soil,1439,10557,31848,Wheat,17600
Nagpur,Laterite Soil,1610,10725,20813,Sugarcane,31847
Thane,Laterite Soil,3829,9060,20217,Rice,17605
Aurangabad,Black Soil,4720,8485,29639,Maize,24925
Mumbai,Black Soil,4155,9313,34359,Sugarcane,23603
Jalgaon,Alluvial Soil,1588,8417,30380,Cotton,33502
Nashik,Red Soil,3475,8324,27492,Sugarcane,33018
Pune,Alluvial Soil,3391,9196,30703,Soybean,29128
Solapur,Alluvial Soil,2867,10201,22019,Cotton,18708
Aurangabad,Red Soil,3642,10044,26465,Soybean,16436
Pune,Laterite Soil,1370,9452,21526,Cotton,22383
Thane,Alluvial Soil,2251,9144,25963,Sugarcane,23267
Amravati,Black Soil,3004,11377,25221,Rice,27010
Kolhapur,Black Soil,1515,9136,34222,Maize,25573
Solapur,Red Soil,4896,10888,21662,Rice,11995
Thane,Alluvial Soil,1852,9011,25129,Rice,23708
Kolhapur,Alluvial Soil,4350,8602,30473,Soybean,17171
Amravati,Red Soil,3291,11543,22418,Cotton,24353
Nagpur,Laterite Soil,2781,8516,32017,Soybean,18020
Pune,Red Soil,3359,10500,34323,Cotton,21225
Kolhapur,Red Soil,3159,10543,30412,Wheat,17893
Nagpur,Laterite Soil,4421,10339,20636,Cotton,29708
Jalgaon,Alluvial Soil,3132,8971,26112,Sugarcane,25966
Mumbai,Red Soil,1321,9332,24182,Cotton,33008
Mumbai,Laterite Soil,1084,11519,34317,Sugarcane,47986
Amravati,Laterite Soil,3033,10459,28648,Cotton,32267
Kolhapur,Black Soil,1635,11399,24834,Sugarcane,20458
Amravati,Laterite Soil,4142,11905,26826,Wheat,33826
Pune,Alluvial Soil,3649,10889,23057,Sugarcane,10868
Aurangabad,Alluvial Soil,2060,11566,29260,Rice,17132
Amravati,Alluvial Soil,1123,8124,26646,Soybean,40482
Nashik,Laterite Soil,1023,9209,34821,Cotton,39605
Pune,Red Soil,3299,10704,21599,Sugarcane,20086
Kolhapur,Black Soil,1824,11567,23649,Rice,33713
Aurangabad,Laterite Soil,2615,9948,33726,Cotton,19267
Aurangabad,Black Soil,2239,11032,24614,Soybean,26119
Nashik,Black Soil,2497,11477,29473,Rice,27280
Nashik,Alluvial Soil,2194,10111,22851,Maize,26543
Solapur,Alluvial Soil,2092,10829,33833,Maize,47622
Aurangabad,Black Soil,3481,8402,25966,Maize,31430
Nagpur,Laterite Soil,4903,11187,23967,Rice,21359
Solapur,Red Soil,3935,10222,33265,Sugarcane,33560
Nagpur,Red Soil,1430,8111,25601,Sugarcane,28809
Thane,Red Soil,1380,11161,22495,Rice,10689
Amravati,Black Soil,3143,10588,28317,Wheat,33703
Mumbai,Laterite Soil,1399,8615,27878,Sugarcane,33667
Nashik,Alluvial Soil,4607,8838,28836,Wheat,20402
Mumbai,Laterite Soil,1023,11098,34685,Wheat,43938
Mumbai,Alluvial Soil,2453,8159,30910,Soybean,19195
Kolhapur,Red Soil,2617,8718,26257,Maize,24500
Kolhapur,Alluvial Soil,1405,8006,33328,Maize,23486
Nagpur,Laterite Soil,4131,11391,29735,Rice,25384
Jalgaon,Red Soil,2605,9474,20375,Cotton,20885
Pune,Alluvial Soil,2022,8483,33811,Rice,30059
Pune,Alluvial Soil,2541,9242,29676,Sugarcane,22346
Pune,Red Soil,1897,9408,24374,Maize,11216
Nashik,Black Soil,2938,9837,32245,Soybean,34581
Nashik,Red Soil,1465,8508,28497,Maize,41658
Solapur,Laterite Soil,1888,10605,21299,Rice,8378
Amravati,Alluvial Soil,1814,8062,29030,Maize,29137
Aurangabad,Red Soil,3150,9848,31063,Sugarcane,29760
Kolhapur,Black Soil,4108,11126,23140,Soybean,24688
Kolhapur,Alluvial Soil,3724,9174,34313,Maize,32522
Kolhapur,Black Soil,3156,9566,29969,Sugarcane,25363
Kolhapur,Laterite Soil,3730,8989,20535,Maize,16888
Pune,Red Soil,1296,9329,20047,Cotton,17801
Thane,Laterite Soil,1137,8229,23035,Cotton,26792
Amravati,Alluvial Soil,3169,8547,33501,Cotton,31633
Jalgaon,Red Soil,4720,9588,26739,Soybean,25157
Nagpur,Laterite Soil,2954,8344,25370,Maize,35016
Nagpur,Black Soil,3706,11969,27919,Maize,37361
Thane,Black Soil,4937,9079,21475,Cotton,12955
Thane,Alluvial Soil,4858,9816,20438,Wheat,17596
Nagpur,Alluvial Soil,4455,8330,29091,Rice,30817
Aurangabad,Alluvial Soil,2523,9244,29579,Sugarcane,17517
Mumbai,Alluvial Soil,3813,11926,21216,Wheat,31541
Kolhapur,Laterite Soil,4326,11582,25059,Rice,15276
Nagpur,Red Soil,2869,11693,23678,Cotton,14897
Aurangabad,Black Soil,1415,9130,21270,Maize,33552
Kolhapur,Red Soil,4075,10804,21239,Wheat,21041
Amravati,Black Soil,3566,9994,26701,Wheat,19256
Nashik,Red Soil,2816,8799,20728,Maize,12221
Amravati,Red Soil,1595,11203,31896,Rice,32234
Kolhapur,Laterite Soil,1730,11749,32328,Cotton,31113
Nagpur,Red Soil,4019,10978,24291,Soybean,26308
Amravati,Red Soil,1997,8325,30339,Cotton,28045
Nashik,Laterite Soil,4700,11264,26880,Cotton,28380
Thane,Alluvial Soil,1828,10284,23840,Rice,23654
Pune,Alluvial Soil,2864,9009,28044,Cotton,20855
Jalgaon,Black Soil,3545,8572,33265,Soybean,19567
Thane,Alluvial Soil,4133,8537,27402,Soybean,40677
Mumbai,Black Soil,2794,8958,27793,Sugarcane,41402
Thane,Alluvial Soil,3090,8350,22346,Sugarcane,9287
Pune,Alluvial Soil,4133,11465,24881,Rice,20085
Aurangabad,Laterite Soil,1978,11395,32783,Maize,25938
Nagpur,Red Soil,4262,10146,21541,Soybean,24453
Amravati,Laterite Soil,2380,10929,34360,Soybean,37788
Aurangabad,Red Soil,2688,10961,24675,Rice,14611
Nashik,Laterite Soil,2709,8403,34441,Cotton,42510
Aurangabad,Laterite Soil,1535,8203,31548,Cotton,31327
Thane,Red Soil,1366,9672,33419,Cotton,35278
Aurangabad,Alluvial Soil,1018,11955,31467,Sugarcane,43568
Aurangabad,Alluvial Soil,4731,9289,31712,Soybean,33945
Nashik,Laterite Soil,3972,9112,25261,Sugarcane,10368
Solapur,Alluvial Soil,4138,9236,22833,Cotton,22938
Mumbai,Black Soil,4326,9675,24972,Wheat,31428
Nashik,Alluvial Soil,2600,8356,30826,Maize,18144
Amravati,Black Soil,4065,10528,33694,Wheat,46452
Mumbai,Red Soil,3357,8479,31073,Maize,33343
Jalgaon,Alluvial Soil,3950,8753,21734,Rice,8334
Aurangabad,Red Soil,2385,9803,31961,Soybean,35536
Solapur,Alluvial Soil,3375,10497,26090,Rice,33558
Nagpur,Laterite Soil,3703,9187,23437,Soybean,22426
Pune,Laterite Soil,4434,8783,27894,Maize,14712
Solapur,Red Soil,2264,9617,34157,Cotton,32051
Aurangabad,Laterite Soil,1636,9295,24660,Soybean,26500
Mumbai,Black Soil,1052,11064,25706,Cotton,28647
Kolhapur,Red Soil,1665,11986,27558,Wheat,28093
Pune,Alluvial Soil,4536,9128,33455,Wheat,27351
Amravati,Red Soil,1299,9048,21065,Cotton,19356
Nashik,Black Soil,2656,8049,31038,Sugarcane,24819
Amravati,Alluvial Soil,4637,11598,26256,Maize,24750
Amravati,Red Soil,1099,11180,26476,Wheat,30776
Mumbai,Red Soil,1560,9856,21873,Maize,8419
Nashik,Laterite Soil,2100,9673,21269,Cotton,25150
Aurangabad,Red Soil,2475,10955,30101,Sugarcane,36551
Mumbai,Red Soil,2753,8889,33907,Maize,42223
Kolhapur,Laterite Soil,1992,8968,27573,Sugarcane,31767
Thane,Black Soil,3242,9635,20063,Sugarcane,16331
Solapur,Red Soil,4685,9652,29860,Sugarcane,25937
Nagpur,Alluvial Soil,1345,10590,29802,Wheat,18923
Amravati,Alluvial Soil,3196,8899,22380,Soybean,17937
Jalgaon,Red Soil,1187,9104,34109,Sugarcane,45385
Solapur,Red Soil,3080,10695,30253,Soybean,17974
Nashik,Black Soil,3513,9600,33588,Rice,43749
Aurangabad,Red Soil,1046,11505,32545,Maize,18978
Aurangabad,Laterite Soil,3427,10097,24835,Rice,37405
Jalgaon,Alluvial Soil,3253,8382,28773,Wheat,42919
